-- --------------------------------------------------------
-- 主机:                           172.16.0.6
-- 服务器版本:                        5.6.30-log - MySQL Community Server (GPL)
-- 服务器操作系统:                      Linux
-- HeidiSQL 版本:                  9.4.0.5125
-- --------------------------------------------------------

/*!40101 SET @OLD_CHARACTER_SET_CLIENT=@@CHARACTER_SET_CLIENT */;
/*!40101 SET NAMES utf8 */;
/*!50503 SET NAMES utf8mb4 */;
/*!40014 SET @OLD_FOREIGN_KEY_CHECKS=@@FOREIGN_KEY_CHECKS, FOREIGN_KEY_CHECKS=0 */;
/*!40101 SET @OLD_SQL_MODE=@@SQL_MODE, SQL_MODE='NO_AUTO_VALUE_ON_ZERO' */;
SET NAMES utf8mb4;
SET FOREIGN_KEY_CHECKS = 0;
use one_infrastructure;
-- 正在导出表  one_infrastructure.t_catalog_link 的数据：~58 rows (大约)
/*!40000 ALTER TABLE `t_catalog_link` DISABLE KEYS */;
INSERT IGNORE INTO `t_catalog_link` (`oid`, `create_time`, `create_user`, `deleted`, `last_modify_time`, `last_modify_user`, `catalog_id`, `permission_id`, `sub_url`, `system_id`) VALUES
	(1, '2018-11-09 14:54:16', 'bf8d1a19-ad46-4297-ada2-d1095409121c', 0, '2018-11-09 14:54:16', 'bf8d1a19-ad46-4297-ada2-d1095409121c', 1, NULL, '/statistics-ui/index', 1),
	(2, '2018-11-09 14:54:16', 'bf8d1a19-ad46-4297-ada2-d1095409121c', 0, '2018-11-09 14:54:16', 'bf8d1a19-ad46-4297-ada2-d1095409121c', 2, NULL, '/statistics-ui/index/sourceOverview', 5),
	(3, '2018-11-09 14:54:16', 'bf8d1a19-ad46-4297-ada2-d1095409121c', 0, '2018-11-09 14:54:16', 'bf8d1a19-ad46-4297-ada2-d1095409121c', 3, NULL, '/statistics-ui/index/quaReportManage', 5),
	(4, '2018-11-09 14:54:16', 'bf8d1a19-ad46-4297-ada2-d1095409121c', 0, '2018-11-09 14:54:16', 'bf8d1a19-ad46-4297-ada2-d1095409121c', 4, NULL, '/wh-admin-ui/daas-application/list', 5),
	(5, '2018-11-09 14:54:16', 'bf8d1a19-ad46-4297-ada2-d1095409121c', 0, '2018-11-09 14:54:16', 'bf8d1a19-ad46-4297-ada2-d1095409121c', 5, 9999, '/', 5),
	(6, '2018-11-09 14:54:16', 'bf8d1a19-ad46-4297-ada2-d1095409121c', 0, '2018-11-09 14:54:16', 'bf8d1a19-ad46-4297-ada2-d1095409121c', 6, NULL, '/hubble-ui/metag/partitionOverview', 5),
	(7, '2018-11-09 14:54:16', 'bf8d1a19-ad46-4297-ada2-d1095409121c', 0, '2018-11-09 14:54:16', 'bf8d1a19-ad46-4297-ada2-d1095409121c', 7, NULL, '/hubble-ui/metag/MDdatasource', 5),
	(8, '2018-11-09 14:54:16', 'bf8d1a19-ad46-4297-ada2-d1095409121c', 0, '2018-11-09 14:54:16', 'bf8d1a19-ad46-4297-ada2-d1095409121c', 8, NULL, '/wh-admin-ui/service-plan/catalog-list', 5),
	(9, '2018-11-09 14:54:16', 'bf8d1a19-ad46-4297-ada2-d1095409121c', 0, '2018-11-09 14:54:16', 'bf8d1a19-ad46-4297-ada2-d1095409121c', 9, NULL, '/wh-admin-ui/service-plan/service-tag', 5),
	(10, '2018-11-09 14:54:16', 'bf8d1a19-ad46-4297-ada2-d1095409121c', 0, '2018-11-09 14:54:16', 'bf8d1a19-ad46-4297-ada2-d1095409121c', 10, NULL, '/wh-admin-ui/daas-application/list', 5),
	(11, '2018-11-09 14:54:16', 'bf8d1a19-ad46-4297-ada2-d1095409121c', 0, '2018-11-09 14:54:16', 'bf8d1a19-ad46-4297-ada2-d1095409121c', 11, NULL, '/wh-admin-ui/service-plan/data-config/system', 5),
	(12, '2018-11-09 14:54:16', 'bf8d1a19-ad46-4297-ada2-d1095409121c', 0, '2018-11-09 14:54:16', 'bf8d1a19-ad46-4297-ada2-d1095409121c', 12, NULL, '/hubble-ui/metag/dataManage////', 5),
	(13, '2018-11-09 14:54:16', 'bf8d1a19-ad46-4297-ada2-d1095409121c', 0, '2018-11-09 14:54:16', 'bf8d1a19-ad46-4297-ada2-d1095409121c', 13, NULL, '/hubble-ui/metag/labelList', 5),
	(14, '2018-11-09 14:54:16', 'bf8d1a19-ad46-4297-ada2-d1095409121c', 0, '2018-11-09 14:54:16', 'bf8d1a19-ad46-4297-ada2-d1095409121c', 14, NULL, '/hubble-ui/metag/dataDictionary', 5),
	(15, '2018-11-09 14:54:16', 'bf8d1a19-ad46-4297-ada2-d1095409121c', 0, '2018-11-09 14:54:16', 'bf8d1a19-ad46-4297-ada2-d1095409121c', 15, NULL, '/hubble-ui/metag/providerManage', 5),
	(16, '2018-11-09 14:54:16', 'bf8d1a19-ad46-4297-ada2-d1095409121c', 0, '2018-11-09 14:54:16', 'bf8d1a19-ad46-4297-ada2-d1095409121c', 16, NULL, '/hubble-ui/metag/dataSourceManage', 5),
	(17, '2018-11-09 14:54:16', 'bf8d1a19-ad46-4297-ada2-d1095409121c', 0, '2018-11-09 14:54:16', 'bf8d1a19-ad46-4297-ada2-d1095409121c', 17, NULL, '/hubble-ui/metag/dataConsanguinity/pandect', 5),
	(18, '2018-11-09 14:54:16', 'bf8d1a19-ad46-4297-ada2-d1095409121c', 0, '2018-11-09 14:54:16', 'bf8d1a19-ad46-4297-ada2-d1095409121c', 18, NULL, '/hubble-ui/metag/dataConsanguinity/', 5),
	(19, '2018-11-09 14:54:16', 'bf8d1a19-ad46-4297-ada2-d1095409121c', 0, '2018-11-09 14:54:16', 'bf8d1a19-ad46-4297-ada2-d1095409121c', 19, NULL, '/hubble-ui/webb/datasync/', 5),
	(20, '2018-11-09 14:54:16', 'bf8d1a19-ad46-4297-ada2-d1095409121c', 0, '2018-11-09 14:54:16', 'bf8d1a19-ad46-4297-ada2-d1095409121c', 20, NULL, '/hubble-ui/webb/exchangeTask/', 5),
	(21, '2018-11-09 14:54:16', 'bf8d1a19-ad46-4297-ada2-d1095409121c', 0, '2018-11-09 14:54:16', 'bf8d1a19-ad46-4297-ada2-d1095409121c', 21, NULL, '/hubble-ui/webb/structDataChange', 5),
	(22, '2018-11-09 14:54:16', 'bf8d1a19-ad46-4297-ada2-d1095409121c', 0, '2018-11-09 14:54:16', 'bf8d1a19-ad46-4297-ada2-d1095409121c', 22, NULL, '/hubble-ui/webb/unstructDataChange', 5),
	(23, '2018-11-09 14:54:16', 'bf8d1a19-ad46-4297-ada2-d1095409121c', 0, '2018-11-09 14:54:16', 'bf8d1a19-ad46-4297-ada2-d1095409121c', 23, NULL, '/hubble-ui/metag/ruleManage', 5),
	(24, '2018-11-09 14:54:16', 'bf8d1a19-ad46-4297-ada2-d1095409121c', 0, '2018-11-09 14:54:16', 'bf8d1a19-ad46-4297-ada2-d1095409121c', 24, NULL, '/hubble-ui/metag/taskGroupManage', 5),
	(25, '2018-11-09 14:54:16', 'bf8d1a19-ad46-4297-ada2-d1095409121c', 0, '2018-11-09 14:54:16', 'bf8d1a19-ad46-4297-ada2-d1095409121c', 25, NULL, '/hubble-ui/metag/newReportManage', 5),
	(26, '2018-11-09 14:54:16', 'bf8d1a19-ad46-4297-ada2-d1095409121c', 0, '2018-11-09 14:54:16', 'bf8d1a19-ad46-4297-ada2-d1095409121c', 26, NULL, '/hubble-ui/webb/customTask', 5),
	(27, '2018-11-09 14:54:16', 'bf8d1a19-ad46-4297-ada2-d1095409121c', 0, '2018-11-09 14:54:16', 'bf8d1a19-ad46-4297-ada2-d1095409121c', 27, NULL, '/wh-admin-ui/service-management/subject-service', 5),
	(28, '2018-11-09 14:54:16', 'bf8d1a19-ad46-4297-ada2-d1095409121c', 0, '2018-11-09 14:54:16', 'bf8d1a19-ad46-4297-ada2-d1095409121c', 28, NULL, '/wh-admin-ui/service-management/data-api-service', 5),
	(29, '2018-11-09 14:54:16', 'bf8d1a19-ad46-4297-ada2-d1095409121c', 0, '2018-11-09 14:54:16', 'bf8d1a19-ad46-4297-ada2-d1095409121c', 29, NULL, '/wh-admin-ui/service-management/data-set-service', 5),
	(30, '2018-11-09 14:54:16', 'bf8d1a19-ad46-4297-ada2-d1095409121c', 0, '2018-11-09 14:54:16', 'bf8d1a19-ad46-4297-ada2-d1095409121c', 30, NULL, '/wh-admin-ui/service-management/jdbc-service', 5),
	(31, '2018-11-09 14:54:16', 'bf8d1a19-ad46-4297-ada2-d1095409121c', 0, '2018-11-09 14:54:16', 'bf8d1a19-ad46-4297-ada2-d1095409121c', 31, NULL, '/wh-admin-ui/service-management/gateway-service', 5),
	(32, '2018-11-09 14:54:16', 'bf8d1a19-ad46-4297-ada2-d1095409121c', 0, '2018-11-09 14:54:16', 'bf8d1a19-ad46-4297-ada2-d1095409121c', 32, NULL, '/wh-admin-ui/service-management/file-service', 5),
	(33, '2018-11-09 14:54:16', 'bf8d1a19-ad46-4297-ada2-d1095409121c', 0, '2018-11-09 14:54:16', 'bf8d1a19-ad46-4297-ada2-d1095409121c', 33, NULL, '/wh-admin-ui/service-management/normal-service', 5),
	(34, '2018-11-09 14:54:16', 'bf8d1a19-ad46-4297-ada2-d1095409121c', 0, '2018-11-09 14:54:16', 'bf8d1a19-ad46-4297-ada2-d1095409121c', 34, NULL, '/wh-admin-ui/order-management/applications/1', 5),
	(35, '2018-11-09 14:54:16', 'bf8d1a19-ad46-4297-ada2-d1095409121c', 0, '2018-11-09 14:54:16', 'bf8d1a19-ad46-4297-ada2-d1095409121c', 35, NULL, '/wh-admin-ui/process-management/main', 5),
	(36, '2018-11-09 14:54:16', 'bf8d1a19-ad46-4297-ada2-d1095409121c', 0, '2018-11-09 14:54:16', 'bf8d1a19-ad46-4297-ada2-d1095409121c', 36, NULL, '/wh-admin-ui/daas-application/list', 5),
	(37, '2018-11-09 14:54:16', 'bf8d1a19-ad46-4297-ada2-d1095409121c', 0, '2018-11-09 14:54:16', 'bf8d1a19-ad46-4297-ada2-d1095409121c', 37, NULL, '/hubble-ui/webb/dashboard', 5),
	(38, '2018-11-09 14:54:16', 'bf8d1a19-ad46-4297-ada2-d1095409121c', 0, '2018-11-09 14:54:16', 'bf8d1a19-ad46-4297-ada2-d1095409121c', 38, NULL, '/fast-admin/monitor', 5),
	(39, '2018-11-09 14:54:16', 'bf8d1a19-ad46-4297-ada2-d1095409121c', 0, '2018-11-09 14:54:16', 'bf8d1a19-ad46-4297-ada2-d1095409121c', 39, 9999, '/', 5),
	(40, '2018-11-09 14:54:16', 'bf8d1a19-ad46-4297-ada2-d1095409121c', 0, '2018-11-09 14:54:16', 'bf8d1a19-ad46-4297-ada2-d1095409121c', 40, 9999, '/', 5),
	(41, '2018-11-09 14:54:16', 'bf8d1a19-ad46-4297-ada2-d1095409121c', 0, '2018-11-09 14:54:16', 'bf8d1a19-ad46-4297-ada2-d1095409121c', 41, 9999, '/', 5),
	(42, '2018-11-09 14:54:16', 'bf8d1a19-ad46-4297-ada2-d1095409121c', 0, '2018-11-09 14:54:16', 'bf8d1a19-ad46-4297-ada2-d1095409121c', 42, 9999, '/monitor/frontend', 5),
	(43, '2018-11-09 14:54:16', 'bf8d1a19-ad46-4297-ada2-d1095409121c', 0, '2018-11-09 14:54:16', 'bf8d1a19-ad46-4297-ada2-d1095409121c', 43, 9999, '/', 5),
	(44, '2018-11-09 14:54:16', 'bf8d1a19-ad46-4297-ada2-d1095409121c', 0, '2018-11-09 14:54:16', 'bf8d1a19-ad46-4297-ada2-d1095409121c', 44, 9999, '/', 5),
	(45, '2018-11-09 14:54:16', 'bf8d1a19-ad46-4297-ada2-d1095409121c', 0, '2018-11-09 14:54:16', 'bf8d1a19-ad46-4297-ada2-d1095409121c', 45, NULL, '/fast-admin/user-center/tenant-manage', 5),
	(46, '2018-11-09 14:54:16', 'bf8d1a19-ad46-4297-ada2-d1095409121c', 0, '2018-11-09 14:54:16', 'bf8d1a19-ad46-4297-ada2-d1095409121c', 46, NULL, '/fast-admin/workOrderManagement/all', 5),
	(47, '2018-11-09 14:54:16', 'bf8d1a19-ad46-4297-ada2-d1095409121c', 0, '2018-11-09 14:54:16', 'bf8d1a19-ad46-4297-ada2-d1095409121c', 47, NULL, '/fast-admin/audit-management/auditLog', 5),
	(48, '2018-11-09 14:54:16', 'bf8d1a19-ad46-4297-ada2-d1095409121c', 0, '2018-11-09 14:54:16', 'bf8d1a19-ad46-4297-ada2-d1095409121c', 48, NULL, '/fast-admin/platform-configuration/personal-config', 5),
	(50, '2018-11-09 14:54:16', 'bf8d1a19-ad46-4297-ada2-d1095409121c', 0, '2018-11-09 14:54:16', 'bf8d1a19-ad46-4297-ada2-d1095409121c', 50, NULL, '/wh-ui/subject-service', 5),
	(51, '2018-11-09 14:54:16', 'bf8d1a19-ad46-4297-ada2-d1095409121c', 0, '2018-11-09 14:54:16', 'bf8d1a19-ad46-4297-ada2-d1095409121c', 51, NULL, '/wh-ui/data-api-service//', 5),
	(52, '2018-11-09 14:54:16', 'bf8d1a19-ad46-4297-ada2-d1095409121c', 0, '2018-11-09 14:54:16', 'bf8d1a19-ad46-4297-ada2-d1095409121c', 52, NULL, '/wh-ui/data-set-service//', 5),
	(53, '2018-11-09 14:54:16', 'bf8d1a19-ad46-4297-ada2-d1095409121c', 0, '2018-11-09 14:54:16', 'bf8d1a19-ad46-4297-ada2-d1095409121c', 53, NULL, '/wh-ui/jdbc-service//', 5),
	(54, '2018-11-09 14:54:16', 'bf8d1a19-ad46-4297-ada2-d1095409121c', 0, '2018-11-09 14:54:16', 'bf8d1a19-ad46-4297-ada2-d1095409121c', 54, NULL, '/wh-ui/catalogue/4//', 5),
	(55, '2018-11-09 14:54:16', 'bf8d1a19-ad46-4297-ada2-d1095409121c', 0, '2018-11-09 14:54:16', 'bf8d1a19-ad46-4297-ada2-d1095409121c', 55, NULL, '/wh-ui/file-service//', 5),
	(56, '2018-11-09 14:54:16', 'bf8d1a19-ad46-4297-ada2-d1095409121c', 0, '2018-11-09 14:54:16', 'bf8d1a19-ad46-4297-ada2-d1095409121c', 56, NULL, '/wh-ui/catalogue/0//', 5),
	(57, '2018-11-09 14:54:16', 'bf8d1a19-ad46-4297-ada2-d1095409121c', 0, '2018-11-09 14:54:16', 'bf8d1a19-ad46-4297-ada2-d1095409121c', 57, NULL, '/wh-ui/instance-management/subject-service-instance', 5),
	(58, '2018-11-09 14:54:16', 'bf8d1a19-ad46-4297-ada2-d1095409121c', 0, '2018-11-09 14:54:16', 'bf8d1a19-ad46-4297-ada2-d1095409121c', 58, NULL, '/wh-ui/order-management/applications///', 5);
/*!40000 ALTER TABLE `t_catalog_link` ENABLE KEYS */;

-- 正在导出表  one_infrastructure.t_product_catalog 的数据：~58 rows (大约)
/*!40000 ALTER TABLE `t_product_catalog` DISABLE KEYS */;
INSERT IGNORE INTO `t_product_catalog` (`oid`, `create_time`, `create_user`, `deleted`, `last_modify_time`, `last_modify_user`, `category_id`, `name`, `sort`, `feature_id`) VALUES
	(1, '2019-07-01 10:19:25', 'bf8d1a19-ad46-4297-ada2-d1095409121c', 0, '2019-07-01 10:19:30', 'bf8d1a19-ad46-4297-ada2-d1095409121c', NULL, '数据一张图', 0, 1),
	(2, '2019-07-01 10:19:25', 'bf8d1a19-ad46-4297-ada2-d1095409121c', 0, '2019-07-01 10:19:30', 'bf8d1a19-ad46-4297-ada2-d1095409121c', NULL, '资源总览', 0, 1),
	(3, '2019-07-01 10:19:25', 'bf8d1a19-ad46-4297-ada2-d1095409121c', 0, '2019-07-01 10:19:30', 'bf8d1a19-ad46-4297-ada2-d1095409121c', NULL, '质量报告', 0, 1),
	(4, '2019-07-01 10:19:25', 'bf8d1a19-ad46-4297-ada2-d1095409121c', 0, '2019-07-01 10:19:30', 'bf8d1a19-ad46-4297-ada2-d1095409121c', NULL, '应用总览', 0, 1),
	(5, '2019-07-01 10:19:25', 'bf8d1a19-ad46-4297-ada2-d1095409121c', 0, '2019-07-01 10:19:30', 'bf8d1a19-ad46-4297-ada2-d1095409121c', 1, '数据空间', 0, NULL),
	(6, '2019-07-01 10:19:25', 'bf8d1a19-ad46-4297-ada2-d1095409121c', 0, '2019-07-01 10:19:30', 'bf8d1a19-ad46-4297-ada2-d1095409121c', 2, '数据分区', 0, NULL),
	(7, '2019-07-01 10:19:25', 'bf8d1a19-ad46-4297-ada2-d1095409121c', 0, '2019-07-01 10:19:30', 'bf8d1a19-ad46-4297-ada2-d1095409121c', 2, '数据编目', 0, NULL),
	(8, '2019-07-01 10:19:25', 'bf8d1a19-ad46-4297-ada2-d1095409121c', 0, '2019-07-01 10:19:30', 'bf8d1a19-ad46-4297-ada2-d1095409121c', 3, '服务分类', 0, NULL),
	(9, '2019-07-01 10:19:25', 'bf8d1a19-ad46-4297-ada2-d1095409121c', 0, '2019-07-01 10:19:30', 'bf8d1a19-ad46-4297-ada2-d1095409121c', 3, '服务标签', 0, NULL),
	(10, '2019-07-01 10:19:25', 'bf8d1a19-ad46-4297-ada2-d1095409121c', 0, '2019-07-01 10:19:30', 'bf8d1a19-ad46-4297-ada2-d1095409121c', 3, '应用管理', 0, NULL),
	(11, '2019-07-01 10:19:25', 'bf8d1a19-ad46-4297-ada2-d1095409121c', 0, '2019-07-01 10:19:30', 'bf8d1a19-ad46-4297-ada2-d1095409121c', 3, '服务属性', 0, NULL),
	(12, '2019-07-01 10:19:25', 'bf8d1a19-ad46-4297-ada2-d1095409121c', 0, '2019-07-01 10:19:30', 'bf8d1a19-ad46-4297-ada2-d1095409121c', 4, '数据洞察', 0, NULL),
	(13, '2019-07-01 10:19:25', 'bf8d1a19-ad46-4297-ada2-d1095409121c', 0, '2019-07-01 10:19:30', 'bf8d1a19-ad46-4297-ada2-d1095409121c', 4, '标签管理', 0, NULL),
	(14, '2019-07-01 10:19:25', 'bf8d1a19-ad46-4297-ada2-d1095409121c', 0, '2019-07-01 10:19:30', 'bf8d1a19-ad46-4297-ada2-d1095409121c', 4, '数据字典', 0, NULL),
	(15, '2019-07-01 10:19:25', 'bf8d1a19-ad46-4297-ada2-d1095409121c', 0, '2019-07-01 10:19:30', 'bf8d1a19-ad46-4297-ada2-d1095409121c', 4, '数据属性', 0, NULL),
	(16, '2019-07-01 10:19:25', 'bf8d1a19-ad46-4297-ada2-d1095409121c', 0, '2019-07-01 10:19:30', 'bf8d1a19-ad46-4297-ada2-d1095409121c', 5, '数据源', 0, NULL),
	(17, '2019-07-01 10:19:25', 'bf8d1a19-ad46-4297-ada2-d1095409121c', 0, '2019-07-01 10:19:30', 'bf8d1a19-ad46-4297-ada2-d1095409121c', 6, '血缘总览', 0, NULL),
	(18, '2019-07-01 10:19:25', 'bf8d1a19-ad46-4297-ada2-d1095409121c', 0, '2019-07-01 10:19:30', 'bf8d1a19-ad46-4297-ada2-d1095409121c', 6, '血缘管理', 0, NULL),
	(19, '2019-07-01 10:19:25', 'bf8d1a19-ad46-4297-ada2-d1095409121c', 0, '2019-07-01 10:19:30', 'bf8d1a19-ad46-4297-ada2-d1095409121c', 7, '结构化数据', 0, NULL),
	(20, '2019-07-01 10:19:25', 'bf8d1a19-ad46-4297-ada2-d1095409121c', 0, '2019-07-01 10:19:30', 'bf8d1a19-ad46-4297-ada2-d1095409121c', 7, '非结构化数据', 0, NULL),
	(21, '2019-07-01 10:19:25', 'bf8d1a19-ad46-4297-ada2-d1095409121c', 0, '2019-07-01 10:19:30', 'bf8d1a19-ad46-4297-ada2-d1095409121c', 8, '结构化数据', 0, NULL),
	(22, '2019-07-01 10:19:25', 'bf8d1a19-ad46-4297-ada2-d1095409121c', 0, '2019-07-01 10:19:30', 'bf8d1a19-ad46-4297-ada2-d1095409121c', 8, '非结构化数据', 0, NULL),
	(23, '2019-07-01 10:19:25', 'bf8d1a19-ad46-4297-ada2-d1095409121c', 0, '2019-07-01 10:19:30', 'bf8d1a19-ad46-4297-ada2-d1095409121c', 9, '质量规则', 0, NULL),
	(24, '2019-07-01 10:19:25', 'bf8d1a19-ad46-4297-ada2-d1095409121c', 0, '2019-07-01 10:19:30', 'bf8d1a19-ad46-4297-ada2-d1095409121c', 9, '质量任务', 0, NULL),
	(25, '2019-07-01 10:19:25', 'bf8d1a19-ad46-4297-ada2-d1095409121c', 0, '2019-07-01 10:19:30', 'bf8d1a19-ad46-4297-ada2-d1095409121c', 9, '质量报告', 0, NULL),
	(26, '2019-07-01 10:19:25', 'bf8d1a19-ad46-4297-ada2-d1095409121c', 0, '2019-07-01 10:19:30', 'bf8d1a19-ad46-4297-ada2-d1095409121c', 10, '清洗转换', 0, NULL),
	(27, '2019-07-01 10:19:25', 'bf8d1a19-ad46-4297-ada2-d1095409121c', 0, '2019-07-01 10:19:30', 'bf8d1a19-ad46-4297-ada2-d1095409121c', 11, '主题服务', 0, NULL),
	(28, '2019-07-01 10:19:25', 'bf8d1a19-ad46-4297-ada2-d1095409121c', 0, '2019-07-01 10:19:30', 'bf8d1a19-ad46-4297-ada2-d1095409121c', 11, '数据API', 0, NULL),
	(29, '2019-07-01 10:19:25', 'bf8d1a19-ad46-4297-ada2-d1095409121c', 0, '2019-07-01 10:19:30', 'bf8d1a19-ad46-4297-ada2-d1095409121c', 11, '数据集', 0, NULL),
	(30, '2019-07-01 10:19:25', 'bf8d1a19-ad46-4297-ada2-d1095409121c', 0, '2019-07-01 10:19:30', 'bf8d1a19-ad46-4297-ada2-d1095409121c', 11, 'JDBC', 0, NULL),
	(31, '2019-07-01 10:19:25', 'bf8d1a19-ad46-4297-ada2-d1095409121c', 0, '2019-07-01 10:19:30', 'bf8d1a19-ad46-4297-ada2-d1095409121c', 11, '业务API', 0, NULL),
	(32, '2019-07-01 10:19:25', 'bf8d1a19-ad46-4297-ada2-d1095409121c', 0, '2019-07-01 10:19:30', 'bf8d1a19-ad46-4297-ada2-d1095409121c', 11, '文件服务', 0, NULL),
	(33, '2019-07-01 10:19:25', 'bf8d1a19-ad46-4297-ada2-d1095409121c', 0, '2019-07-01 10:19:30', 'bf8d1a19-ad46-4297-ada2-d1095409121c', 11, '通用服务', 0, NULL),
	(34, '2019-07-01 10:19:25', 'bf8d1a19-ad46-4297-ada2-d1095409121c', 0, '2019-07-01 10:19:30', 'bf8d1a19-ad46-4297-ada2-d1095409121c', 12, '申请单管理', 0, NULL),
	(35, '2019-07-01 10:19:25', 'bf8d1a19-ad46-4297-ada2-d1095409121c', 0, '2019-07-01 10:19:30', 'bf8d1a19-ad46-4297-ada2-d1095409121c', 12, '流程管理', 0, NULL),
	(36, '2019-07-01 10:19:25', 'bf8d1a19-ad46-4297-ada2-d1095409121c', 0, '2019-07-01 10:19:30', 'bf8d1a19-ad46-4297-ada2-d1095409121c', 13, '应用支撑', 0, NULL),
	(37, '2019-07-01 10:19:25', 'bf8d1a19-ad46-4297-ada2-d1095409121c', 0, '2019-07-01 10:19:30', 'bf8d1a19-ad46-4297-ada2-d1095409121c', 13, '作业情况', 0, NULL),
	(38, '2019-07-01 10:19:25', 'bf8d1a19-ad46-4297-ada2-d1095409121c', 0, '2019-07-01 10:19:30', 'bf8d1a19-ad46-4297-ada2-d1095409121c', 14, '环境总览', 0, NULL),
	(39, '2019-07-01 10:19:25', 'bf8d1a19-ad46-4297-ada2-d1095409121c', 0, '2019-07-01 10:19:30', 'bf8d1a19-ad46-4297-ada2-d1095409121c', 14, '主机监控', 0, NULL),
	(40, '2019-07-01 10:19:25', 'bf8d1a19-ad46-4297-ada2-d1095409121c', 0, '2019-07-01 10:19:30', 'bf8d1a19-ad46-4297-ada2-d1095409121c', 14, '服务监控', 0, NULL),
	(41, '2019-07-01 10:19:25', 'bf8d1a19-ad46-4297-ada2-d1095409121c', 0, '2019-07-01 10:19:30', 'bf8d1a19-ad46-4297-ada2-d1095409121c', 14, '作业监控', 0, NULL),
	(42, '2019-07-01 10:19:25', 'bf8d1a19-ad46-4297-ada2-d1095409121c', 0, '2019-07-01 10:19:30', 'bf8d1a19-ad46-4297-ada2-d1095409121c', 15, '环境总览', 0, NULL),
	(43, '2019-07-01 10:19:25', 'bf8d1a19-ad46-4297-ada2-d1095409121c', 0, '2019-07-01 10:19:30', 'bf8d1a19-ad46-4297-ada2-d1095409121c', 15, '主机监控', 0, NULL),
	(44, '2019-07-01 10:19:25', 'bf8d1a19-ad46-4297-ada2-d1095409121c', 0, '2019-07-01 10:19:30', 'bf8d1a19-ad46-4297-ada2-d1095409121c', 15, '作业监控', 0, NULL),
	(45, '2019-07-01 10:19:25', 'bf8d1a19-ad46-4297-ada2-d1095409121c', 0, '2019-07-01 10:19:30', 'bf8d1a19-ad46-4297-ada2-d1095409121c', 16, '用户中心', 0, NULL),
	(46, '2019-07-01 10:19:25', 'bf8d1a19-ad46-4297-ada2-d1095409121c', 0, '2019-07-01 10:19:30', 'bf8d1a19-ad46-4297-ada2-d1095409121c', 16, '工单中心', 0, NULL),
	(47, '2019-07-01 10:19:25', 'bf8d1a19-ad46-4297-ada2-d1095409121c', 0, '2019-07-01 10:19:30', 'bf8d1a19-ad46-4297-ada2-d1095409121c', 16, '审计日志', 0, NULL),
	(48, '2019-07-01 10:19:25', 'bf8d1a19-ad46-4297-ada2-d1095409121c', 0, '2019-07-01 10:19:30', 'bf8d1a19-ad46-4297-ada2-d1095409121c', 16, '系统配置', 0, NULL),
	(49, '2019-07-01 10:19:25', 'bf8d1a19-ad46-4297-ada2-d1095409121c', 0, '2019-07-01 10:19:30', 'bf8d1a19-ad46-4297-ada2-d1095409121c', 17, '全部服务', 0, NULL),
	(50, '2019-07-01 10:19:25', 'bf8d1a19-ad46-4297-ada2-d1095409121c', 0, '2019-07-01 10:19:30', 'bf8d1a19-ad46-4297-ada2-d1095409121c', 17, '主题服务', 0, NULL),
	(51, '2019-07-01 10:19:25', 'bf8d1a19-ad46-4297-ada2-d1095409121c', 0, '2019-07-01 10:19:30', 'bf8d1a19-ad46-4297-ada2-d1095409121c', 17, '数据API', 0, NULL),
	(52, '2019-07-01 10:19:25', 'bf8d1a19-ad46-4297-ada2-d1095409121c', 0, '2019-07-01 10:19:30', 'bf8d1a19-ad46-4297-ada2-d1095409121c', 17, '数据集', 0, NULL),
	(53, '2019-07-01 10:19:25', 'bf8d1a19-ad46-4297-ada2-d1095409121c', 0, '2019-07-01 10:19:30', 'bf8d1a19-ad46-4297-ada2-d1095409121c', 17, 'JDBC', 0, NULL),
	(54, '2019-07-01 10:19:25', 'bf8d1a19-ad46-4297-ada2-d1095409121c', 0, '2019-07-01 10:19:30', 'bf8d1a19-ad46-4297-ada2-d1095409121c', 17, '业务API', 0, NULL),
	(55, '2019-07-01 10:19:25', 'bf8d1a19-ad46-4297-ada2-d1095409121c', 0, '2019-07-01 10:19:30', 'bf8d1a19-ad46-4297-ada2-d1095409121c', 17, '文件服务', 0, NULL),
	(56, '2019-07-01 10:19:25', 'bf8d1a19-ad46-4297-ada2-d1095409121c', 0, '2019-07-01 10:19:30', 'bf8d1a19-ad46-4297-ada2-d1095409121c', 17, '通用服务', 0, NULL),
	(57, '2019-07-01 10:19:25', 'bf8d1a19-ad46-4297-ada2-d1095409121c', 0, '2019-07-01 10:19:30', 'bf8d1a19-ad46-4297-ada2-d1095409121c', 18, '我的服务', 0, NULL),
	(58, '2019-07-01 10:19:25', 'bf8d1a19-ad46-4297-ada2-d1095409121c', 0, '2019-07-01 10:19:30', 'bf8d1a19-ad46-4297-ada2-d1095409121c', 18, '我的申请单', 0, NULL);
/*!40000 ALTER TABLE `t_product_catalog` ENABLE KEYS */;

-- 正在导出表  one_infrastructure.t_product_category 的数据：~18 rows (大约)
/*!40000 ALTER TABLE `t_product_category` DISABLE KEYS */;
INSERT IGNORE INTO `t_product_category` (`oid`, `create_time`, `create_user`, `deleted`, `last_modify_time`, `last_modify_user`, `name`, `sort`, `feature_id`) VALUES
	(1, '2019-07-01 10:17:07', 'bf8d1a19-ad46-4297-ada2-d1095409121c', 0, '2019-07-01 10:17:18', 'bf8d1a19-ad46-4297-ada2-d1095409121c', '空间规划', 0, 2),
	(2, '2019-07-01 10:17:07', 'bf8d1a19-ad46-4297-ada2-d1095409121c', 0, '2019-07-01 10:17:18', 'bf8d1a19-ad46-4297-ada2-d1095409121c', '资源规划', 0, 2),
	(3, '2019-07-01 10:17:07', 'bf8d1a19-ad46-4297-ada2-d1095409121c', 0, '2019-07-01 10:17:18', 'bf8d1a19-ad46-4297-ada2-d1095409121c', '服务规划', 0, 2),
	(4, '2019-07-01 10:17:07', 'bf8d1a19-ad46-4297-ada2-d1095409121c', 0, '2019-07-01 10:17:18', 'bf8d1a19-ad46-4297-ada2-d1095409121c', '元数据管理', 0, 3),
	(5, '2019-07-01 10:17:07', 'bf8d1a19-ad46-4297-ada2-d1095409121c', 0, '2019-07-01 10:17:18', 'bf8d1a19-ad46-4297-ada2-d1095409121c', '数据源管理', 0, 3),
	(6, '2019-07-01 10:17:07', 'bf8d1a19-ad46-4297-ada2-d1095409121c', 0, '2019-07-01 10:17:18', 'bf8d1a19-ad46-4297-ada2-d1095409121c', '数据血缘', 0, 3),
	(7, '2019-07-01 10:17:07', 'bf8d1a19-ad46-4297-ada2-d1095409121c', 0, '2019-07-01 10:17:18', 'bf8d1a19-ad46-4297-ada2-d1095409121c', '数据汇聚', 0, 4),
	(8, '2019-07-01 10:17:07', 'bf8d1a19-ad46-4297-ada2-d1095409121c', 0, '2019-07-01 10:17:18', 'bf8d1a19-ad46-4297-ada2-d1095409121c', '数据交换', 0, 4),
	(9, '2019-07-01 10:17:07', 'bf8d1a19-ad46-4297-ada2-d1095409121c', 0, '2019-07-01 10:17:18', 'bf8d1a19-ad46-4297-ada2-d1095409121c', '质量检查', 0, 5),
	(10, '2019-07-01 10:17:07', 'bf8d1a19-ad46-4297-ada2-d1095409121c', 0, '2019-07-01 10:17:18', 'bf8d1a19-ad46-4297-ada2-d1095409121c', '数据加工', 0, 5),
	(11, '2019-07-01 10:17:07', 'bf8d1a19-ad46-4297-ada2-d1095409121c', 0, '2019-07-01 10:17:18', 'bf8d1a19-ad46-4297-ada2-d1095409121c', '服务管理', 0, 6),
	(12, '2019-07-01 10:17:07', 'bf8d1a19-ad46-4297-ada2-d1095409121c', 0, '2019-07-01 10:17:18', 'bf8d1a19-ad46-4297-ada2-d1095409121c', '服务审批', 0, 6),
	(13, '2019-07-01 10:17:07', 'bf8d1a19-ad46-4297-ada2-d1095409121c', 0, '2019-07-01 10:17:18', 'bf8d1a19-ad46-4297-ada2-d1095409121c', '统计中心', 0, 7),
	(14, '2019-07-01 10:17:07', 'bf8d1a19-ad46-4297-ada2-d1095409121c', 0, '2019-07-01 10:17:18', 'bf8d1a19-ad46-4297-ada2-d1095409121c', '平台监控', 0, 7),
	(15, '2019-07-01 10:17:07', 'bf8d1a19-ad46-4297-ada2-d1095409121c', 0, '2019-07-01 10:17:18', 'bf8d1a19-ad46-4297-ada2-d1095409121c', '前置机监控', 0, 7),
	(16, '2019-07-01 10:17:07', 'bf8d1a19-ad46-4297-ada2-d1095409121c', 0, '2019-07-01 10:17:18', 'bf8d1a19-ad46-4297-ada2-d1095409121c', '系统管理', 0, 8),
	(17, '2019-07-01 10:17:07', 'bf8d1a19-ad46-4297-ada2-d1095409121c', 0, '2019-07-01 10:17:18', 'bf8d1a19-ad46-4297-ada2-d1095409121c', '数据集市', 0, 9),
	(18, '2019-07-01 10:17:07', 'bf8d1a19-ad46-4297-ada2-d1095409121c', 0, '2019-07-01 10:17:18', 'bf8d1a19-ad46-4297-ada2-d1095409121c', '控制台', 0, 10);
/*!40000 ALTER TABLE `t_product_category` ENABLE KEYS */;

-- 正在导出表  one_infrastructure.t_product_feature 的数据：~10 rows (大约)
/*!40000 ALTER TABLE `t_product_feature` DISABLE KEYS */;
INSERT IGNORE INTO `t_product_feature` (`oid`, `create_time`, `create_user`, `deleted`, `last_modify_time`, `last_modify_user`, `name`, `icon`, `type`, `sort`) VALUES
	(1, '2019-07-01 10:15:40', 'bf8d1a19-ad46-4297-ada2-d1095409121c', 0, '2019-07-01 10:15:36', 'bf8d1a19-ad46-4297-ada2-d1095409121c', '数据成效', 'icon-zd', 0, 1),
	(2, '2019-07-01 10:15:40', 'bf8d1a19-ad46-4297-ada2-d1095409121c', 0, '2019-07-01 10:15:36', 'bf8d1a19-ad46-4297-ada2-d1095409121c', '数据规划', 'icon-gly-sjcx', 0, 2),
	(3, '2019-07-01 10:15:40', 'bf8d1a19-ad46-4297-ada2-d1095409121c', 0, '2019-07-01 10:15:36', 'bf8d1a19-ad46-4297-ada2-d1095409121c', '数据管理', 'icon-gly-sjgl', 0, 3),
	(4, '2019-07-01 10:15:40', 'bf8d1a19-ad46-4297-ada2-d1095409121c', 0, '2019-07-01 10:15:36', 'bf8d1a19-ad46-4297-ada2-d1095409121c', '汇聚交换', 'icon-gly-hjjh', 0, 4),
	(5, '2019-07-01 10:15:40', 'bf8d1a19-ad46-4297-ada2-d1095409121c', 0, '2019-07-01 10:15:36', 'bf8d1a19-ad46-4297-ada2-d1095409121c', '数据治理', 'icon-gly-sjzl', 0, 5),
	(6, '2019-07-01 10:15:40', 'bf8d1a19-ad46-4297-ada2-d1095409121c', 0, '2019-07-01 10:15:36', 'bf8d1a19-ad46-4297-ada2-d1095409121c', '数据服务', 'icon-gly-sjfw', 0, 6),
	(7, '2019-07-01 10:15:40', 'bf8d1a19-ad46-4297-ada2-d1095409121c', 0, '2019-07-01 10:15:36', 'bf8d1a19-ad46-4297-ada2-d1095409121c', '监控统计', 'icon-gly-jktj', 0, 7),
	(8, '2019-07-01 10:15:40', 'bf8d1a19-ad46-4297-ada2-d1095409121c', 0, '2019-07-01 10:15:36', 'bf8d1a19-ad46-4297-ada2-d1095409121c', '系统管理', 'icon-gly-xtgl', 0, 8),
	(9, '2019-07-01 10:15:40', 'bf8d1a19-ad46-4297-ada2-d1095409121c', 0, '2019-07-01 10:15:36', 'bf8d1a19-ad46-4297-ada2-d1095409121c', '数据集市', ' icon-yh-sjjs', 1, 1),
	(10, '2019-07-01 10:15:40', 'bf8d1a19-ad46-4297-ada2-d1095409121c', 0, '2019-07-01 10:15:36', 'bf8d1a19-ad46-4297-ada2-d1095409121c', '控制台', 'icon-yh-kzt', 1, 2);
/*!40000 ALTER TABLE `t_product_feature` ENABLE KEYS */;

/*!40101 SET SQL_MODE=IFNULL(@OLD_SQL_MODE, '') */;
/*!40014 SET FOREIGN_KEY_CHECKS=IF(@OLD_FOREIGN_KEY_CHECKS IS NULL, 1, @OLD_FOREIGN_KEY_CHECKS) */;
/*!40101 SET CHARACTER_SET_CLIENT=@OLD_CHARACTER_SET_CLIENT */;
